---
search: exclude
layout: none
---

<?xml version="1.0" encoding="UTF-8"?>
<rss version="2.0" xmlns:atom="http://www.w3.org/2005/Atom">
 <channel>
  <title>{{ site.title  | xml_escape }}</title>
  <description>Media Team Updates</description>
     <atom:link href="{{ site.url }}/feed.media.xml" rel="self" type="application/rss+xml" />
  <link>{{ site.url }}</link>
  <updated>{{ site.time | date_to_xmlschema }}</updated>
  <author>
   <name>{{ site.author.name }}</name>
   <email>{{ site.author.email }}</email>
  </author>

  {% for post in site.categories.media limit:10 %}
   <item>
    <title>{{ post.title | xml_escape }}</title>
    <description>{{ post.excerpt | xml_escape }}</description>
    <link>{{ site.url }}{{ post.url }} </link>
    <source>{{ site.url }}{{ post.url }}</source>
    <pubDate>{{ post.date }}</pubDate>
    <guid isPermaLink="true">{{ site.url }}{{ post.url }}</guid>
   </item>
  {% endfor %}
 </channel>
</rss>
