---
search: exclude
layout: none
---

<?xml version="1.0" encoding="UTF-8"?>
<rss version="2.0" xmlns:atom="http://www.w3.org/2005/Atom">
 <channel>
  <title>{{ site.title  | xml_escape }}</title>
  <description>Musicians Update</description>
     <atom:link href="{{ site.url }}/feed.band.xml" rel="self" type="application/rss+xml" />
  <link>{{ site.url }}</link>
  <updated>{{ site.time | date_to_xmlschema }}</updated>
  {% include feedAuthor.html %}
  {% for post in site.categories.band limit:10 %}
   <item>
    <title>{{ post.title | xml_escape }}</title>
    <description>{{ post.content | strip_html | truncatewords:50 }}</description>
    <link>{{ site.url }}{{ post.url }}</link>
    <source>{{ site.url }}{{ post.url }}</source>
    <pubDate>{{ post.date | date_to_xmlschema }}</pubDate>
    <guid isPermaLink="true">{{ site.url }}{{ post.url }}</guid>
   </item>
  {% endfor %}
 </channel>
</rss>
